﻿Designator,Quantity,Value,Footprint,Package,MPN,DNP,Mount_Type,Description,Manufacturer,Supplier,SPN,C,Voltage,Tolerance,Dielectric,MFN,Cost,Sim.Pins,Imax,R,SKU
"C1, C13, C15, C16, C17, C2, C28, C29, C3, C31, C32, C34, C35, C38, C40",15,100n,C_0402_1005Metric,,CL05B104KA5NNNC,,smt,CAP CER 0.1UF 25V X7R 0402,Samsung Electro-Mechanics,Digikey,1276-6720-1-ND,100n,25V,10%,X7R,,,,,,
"C10, C19, C6",3,10u,C_0402_1005Metric,,GRM155R61A106ME11D,,smt,CAP CER 10UF 10V X5R 0402,Murata Electronics,Digikey,490-GRM155R61A106ME11DCT-ND,10uF,10v,20%,X5R,,,,,,
"C11, C14, C18, C39, C4, C41, C5, C7, C9",9,1u,C_0402_1005Metric,,EMK105BJ105KV-F,,smt,CAP CER 1UF 16V X5R 0402,Taiyo Yudon,Digikey,587-2477-1-ND,1uF,16V,10%,X5R,,,,,,
C12,1,470n,C_0603_1608Metric,,,,smt,"Unpolarized capacitor, small symbol",Taiyo Yuden,Mouser,963-MBAST168SB7474KT ,470n,25V,10%,X7R,MBAST168SB7474KTNA18,,,,,
"C20, C21, C22, C23",4,10n,C_0402_1005Metric,,520L103KT16T,,smt,CAP CER 10000PF 16V X7R 0402,Kyocera Avx,Digikey,1284-1540-1-ND,10n,16V,10%,X7R,,,,,,
C24,1,390p,C_0402_1005Metric,,,Yes,smt,"Unpolarized capacitor, small symbol",,,,,,,,,,,,,
C25,1,15n,C_0402_1005Metric,,C0402C153J4RACTU,,smt,Multilayer Ceramic Capacitors MLCC - SMD/SMT 16V 0.015uF X7R 0402 5%,KEMET,Mouser,80-C0402C153J4R ,,,,,,,,,,
C26,1,300p,C_0402_1005Metric,,,Yes,smt,"Unpolarized capacitor, small symbol",,,,,,,,,,,,,
C27,1,2200p,C_0402_1005Metric,,VJ0402Y222JXXAC,,smt,Multilayer Ceramic Capacitors MLCC - SMD/SMT 2200pF 5% 25V,Murata Electronics,Mouser,77-VJ0402Y222JXXAC ,,,,,,,,,,
C30,1,100n,C_0402_1005Metric,,04025C104JAT2A,,smt,"Unpolarized capacitor, small symbol",KYOCERA AVX,Mouser,581-04025C104JAT2A ,,,,,,0.11,,,,
"C33, C36, C37",3,100p,C_0402_1005Metric,,KGM05AR71H101KN,,smt,CAP CER 100PF 50V X7R 0402,KYOCERA AVX,Digikey,478-KGM05AR71H101KNCT-ND,,,,,,0.11,,,,
C8,1,10n,C_0402_1005Metric,,C0402C103K4RECTU,,smt,CAP CER 0402 10NF 16V X7R 10%,KEMET,Digikey,399-C0402C103K4RECTUCT-ND,10n,16V,10%,X7R,,,,,,
D1,1,PMEG2010ER,Nexperia_CFP3_SOD-123W,,,,smt,"20V, 1A low Vf MEGA Schottky barrier rectifier, SOD-123W",,,,,,,,,,,,,
D2,1,LED,LED_0603_1608Metric,,150060SS75000,,smt,Light emitting diode,Würth Elektronik,Digikey,732-4979-1-ND,,,,,,,1=K 2=A,,,
"FB1, FB2, FB3, FB4",4,180R,L_0402_1005Metric,,BLM15PX181SZ1D,,smt,"Ferrite bead, small symbol",Murata,Mouser,81-BLM15PX181SZ1D ,,,,,,,,1.5A,,
"J3, J4, J5",3,Conn_Coaxial_Small,SMA_Samtec_SMA-J-P-H-ST-EM1_EdgeMount,,,,smt,"small coaxial connector (BNC, SMA, SMB, SMC, Cinch/RCA, LEMO, ...)",,,,,,,,,,,,,
J6,1,Conn_01x06_MountingPin,JST_GH_SM06B-GHS-TB_1x06-1MP_P1.25mm_Horizontal,,,,smt,"Generic connectable mounting pin connector, single row, 01x06, script generated (kicad-library-utils/schlib/autogen/connector/)",JST,,,,,,,,,,,,
"R1, R16, R17, R21",4,0R,R_0402_1005Metric,,,,smt,"Resistor, small symbol",Panasonic Electronic Components,Digikey,P0.0JCT-ND,,,,,ERJ-2GE0R00X,,,,0R,
"R12, R13, R3, R4",4,0R,R_0402_1005Metric,,ERJ-2GE0R00X,,smt,RES SMD 0 OHM JUMPER 1/10W 0402,Panasonic Electronic Components,Digikey,P0.0JCT-ND,,,,,,,,,,
"R14, R20",2,10k,R_0402_1005Metric,,RC0402JR-0710KL,,smt,RES 10K OHM 5% 1/16W 0402,YAGEO,Digikey,311-10KJRCT-ND,,,,,,,,,,
R15,1,330R,R_0402_1005Metric,,RC0402JR-07330RL,,smt,RES 330 OHM 5% 1/16W 0402,YAGEO,Digikey,311-330JRCT-ND,,,,,,,,,,
"R18, R19, R2",3,2K2,R_0402_1005Metric,,ERA-2AED222X,,smt,RES SMD 2.2K OHM 0.5% 1/16W 0402,Panasonic Electronic Components,Digikey,P2.2KDECT-ND,,,,,,0.1,,,,
"R22, R23, R24, R25, R26",5,18R,R_0402_1005Metric,,CR0402-FX-18R0GLF,,smt,RES SMD 18 OHM 1% 1/16W 0402,Bourns Inc.,Digikey,CR0402-FX-18R0GLFCT-ND,,,,,,,,,,
R5,1,51R,R_0402_1005Metric,,,,smt,"Resistor, small symbol",Vishay Dale,Mouser,71-CRCW0402J-51-E3 ,,,5%,,CRCW040251R0JNED,,,,51R,
"R6, R7",2,49R9,R_0402_1005Metric,,RR0510R-49R9-D,,smt,RES SMD 49.9 OHM 0.5% 1/16W 0402,Susumu,Digikey,RR05R49.9DCT-ND,,,,,,,,,,
U1,1,74AUP1G34,SOT-353_SC-70-5,,,,smt,"Single Buffer Gate, Low-Voltage CMOS",,,,,,,,,,,,,
U2,1,LMX2572RHAT,RHA0040H,,LMX2572RHAT,,smt,Frequency Synthesizer (RF) IC 6.4GHz 1 40-VFQFN Exposed Pad,Texas Instruments,Digikey,296-47540-1-ND,,,,,,,,,,
U3,1,XIAO-ESP32S3-PLUS,XIAO-ESP32S3P-SMD-2.54-21X17.8MM,,113991114,,smt,"Seeed Studio XIAO ESP32S3 - 2.4GHz WiFi, BLE 5.0, 8MB PSRAM, 8MB FLASH, Dual-core, battery charge supported, power efficiency and rich Interface, ideal for Smart Homes, IoT, Wearable Devices, Robotics",Seeed Studio,,,,,,,,,,,,XIAO-HALF-HOLE-23P
U4,1,74AUP1G04,SOT-353_SC-70-5,,SN74AUP1G04DCKR ,,smt,"Single NOT Gate, Low-Voltage CMOS",TI,Digikey,296-19072-1-ND,,,,,,,,,,
U5,1,Si570,Oscillator_SMD_SI570_SI571_Standard,,,,smt,10 MHZ TO 1.4 GHZ I2C PROGRAMMABLE XO/VCXO,,,,,,,,,,,,,
"U6, U7",2,PL133-27GC-R,TDFN2013-6LD-PL-1_MCH,,PL133-27GC-R,,smt,Clock Fanout Buffer (Distribution) IC 1:2 150 MHz 6-UFDFN Exposed Pad,Microchip Technology,Digikey,576-4932-1-ND,,,,,,,,,,
