﻿pos_x,pos_y,rotation,side,designator,mpn,pack,footprint,value,mount_type
141.3,-71.9,180.0,top,C1,CL05B104KA5NNNC,,C_0402_1005Metric,100n,smt
169.95,-73.45,45.0,top,C10,GRM155R61A106ME11D,,C_0402_1005Metric,10u,smt
170.6,-83.1,-45.0,top,C11,EMK105BJ105KV-F,,C_0402_1005Metric,1u,smt
162.8,-81.0,135.0,top,C12,,,C_0603_1608Metric,470n,smt
174.05,-79.0,0.0,top,C13,CL05B104KA5NNNC,,C_0402_1005Metric,100n,smt
169.65,-83.95,-45.0,top,C14,EMK105BJ105KV-F,,C_0402_1005Metric,1u,smt
170.65,-74.15,-135.0,top,C15,CL05B104KA5NNNC,,C_0402_1005Metric,100n,smt
163.3,-85.0,45.0,top,C16,CL05B104KA5NNNC,,C_0402_1005Metric,100n,smt
164.0,-85.7,45.0,top,C17,CL05B104KA5NNNC,,C_0402_1005Metric,100n,smt
164.4,-82.8,-135.0,top,C18,EMK105BJ105KV-F,,C_0402_1005Metric,1u,smt
165.55,-74.1,135.0,top,C19,GRM155R61A106ME11D,,C_0402_1005Metric,10u,smt
148.42,-84.15,0.0,bottom,C2,CL05B104KA5NNNC,,C_0402_1005Metric,100n,smt
173.15,-75.1,45.0,top,C20,520L103KT16T,,C_0402_1005Metric,10n,smt
173.9,-75.8,45.0,top,C21,520L103KT16T,,C_0402_1005Metric,10n,smt
172.8,-82.25,-45.0,top,C22,520L103KT16T,,C_0402_1005Metric,10n,smt
173.45,-81.6,-45.0,top,C23,520L103KT16T,,C_0402_1005Metric,10n,smt
171.45,-86.1,180.0,top,C24,,,C_0402_1005Metric,390p,smt
171.45,-87.1,180.0,top,C25,C0402C153J4RACTU,,C_0402_1005Metric,15n,smt
169.5,-88.1,180.0,top,C26,,,C_0402_1005Metric,300p,smt
164.85,-74.8,135.0,top,C27,VJ0402Y222JXXAC,,C_0402_1005Metric,2200p,smt
138.5,-75.3,180.0,bottom,C28,CL05B104KA5NNNC,,C_0402_1005Metric,100n,smt
143.560034,-75.320068,180.0,bottom,C29,CL05B104KA5NNNC,,C_0402_1005Metric,100n,smt
168.6,-94.75,0.0,top,C3,CL05B104KA5NNNC,,C_0402_1005Metric,100n,smt
151.5,-61.25,90.0,top,C30,04025C104JAT2A,,C_0402_1005Metric,100n,smt
148.3,-65.2,0.0,top,C31,CL05B104KA5NNNC,,C_0402_1005Metric,100n,smt
145.0,-68.4,90.0,top,C32,CL05B104KA5NNNC,,C_0402_1005Metric,100n,smt
146.1,-68.4,-90.0,top,C33,KGM05AR71H101KN,,C_0402_1005Metric,100p,smt
154.3,-61.3,-90.0,top,C34,CL05B104KA5NNNC,,C_0402_1005Metric,100n,smt
157.0,-64.28,-90.0,top,C35,CL05B104KA5NNNC,,C_0402_1005Metric,100n,smt
155.3,-61.3,90.0,top,C36,KGM05AR71H101KN,,C_0402_1005Metric,100p,smt
158.1,-64.3,90.0,top,C37,KGM05AR71H101KN,,C_0402_1005Metric,100p,smt
143.16,-62.22,90.0,top,C38,CL05B104KA5NNNC,,C_0402_1005Metric,100n,smt
142.13,-62.22,-90.0,top,C39,EMK105BJ105KV-F,,C_0402_1005Metric,1u,smt
168.6,-95.9,180.0,top,C4,EMK105BJ105KV-F,,C_0402_1005Metric,1u,smt
172.72,-94.8,180.0,top,C40,CL05B104KA5NNNC,,C_0402_1005Metric,100n,smt
172.72,-95.9,0.0,top,C41,EMK105BJ105KV-F,,C_0402_1005Metric,1u,smt
168.9,-84.7,-45.0,top,C5,EMK105BJ105KV-F,,C_0402_1005Metric,1u,smt
164.15,-75.5,135.0,top,C6,GRM155R61A106ME11D,,C_0402_1005Metric,10u,smt
163.45,-76.2,135.0,top,C7,EMK105BJ105KV-F,,C_0402_1005Metric,1u,smt
162.75,-76.9,135.0,top,C8,C0402C103K4RECTU,,C_0402_1005Metric,10n,smt
171.35,-74.85,45.0,top,C9,EMK105BJ105KV-F,,C_0402_1005Metric,1u,smt
139.4,-73.7,0.0,top,D1,,,Nexperia_CFP3_SOD-123W,PMEG2010ER,smt
138.5,-96.8,0.0,top,D2,150060SS75000,,LED_0603_1608Metric,LED,smt
139.1,-71.9,0.0,top,FB1,BLM15PX181SZ1D,,L_0402_1005Metric,180R,smt
169.11,-93.13,90.0,top,FB2,BLM15PX181SZ1D,,L_0402_1005Metric,180R,smt
172.27,-93.16,90.0,top,FB3,BLM15PX181SZ1D,,L_0402_1005Metric,180R,smt
144.63,-61.79,0.0,top,FB4,BLM15PX181SZ1D,,L_0402_1005Metric,180R,smt
137.1,-66.5,180.0,top,J3,,,SMA_Samtec_SMA-J-P-H-ST-EM1_EdgeMount,Conn_Coaxial_Small,smt
182.96,-66.5,0.0,top,J4,,,SMA_Samtec_SMA-J-P-H-ST-EM1_EdgeMount,Conn_Coaxial_Small,smt
182.96,-91.5,0.0,top,J5,,,SMA_Samtec_SMA-J-P-H-ST-EM1_EdgeMount,Conn_Coaxial_Small,smt
138.15,-85.275,90.0,bottom,J6,,,JST_GH_SM06B-GHS-TB_1x06-1MP_P1.25mm_Horizontal,Conn_01x06_MountingPin,smt
142.9,-82.15,0.0,bottom,R1,,,R_0402_1005Metric,0R,smt
150.85,-83.0,-90.0,bottom,R12,ERJ-2GE0R00X,,R_0402_1005Metric,0R,smt
150.3,-81.5,180.0,bottom,R13,ERJ-2GE0R00X,,R_0402_1005Metric,0R,smt
161.1,-78.7,45.0,top,R14,RC0402JR-0710KL,,R_0402_1005Metric,10k,smt
169.5,-87.1,180.0,top,R15,RC0402JR-07330RL,,R_0402_1005Metric,330R,smt
171.45,-88.1,180.0,top,R16,,,R_0402_1005Metric,0R,smt
169.5,-89.1,180.0,top,R17,,,R_0402_1005Metric,0R,smt
151.99,-79.54,90.0,bottom,R18,ERA-2AED222X,,R_0402_1005Metric,2K2,smt
149.43,-79.57,90.0,bottom,R19,ERA-2AED222X,,R_0402_1005Metric,2K2,smt
140.0,-96.8,180.0,bottom,R2,ERA-2AED222X,,R_0402_1005Metric,2K2,smt
151.19,-74.59,180.0,top,R20,RC0402JR-0710KL,,R_0402_1005Metric,10k,smt
150.6,-65.2,0.0,top,R21,,,R_0402_1005Metric,0R,smt
159.3,-66.2,180.0,top,R22,CR0402-FX-18R0GLF,,R_0402_1005Metric,18R,smt
157.0,-70.4,90.0,top,R23,CR0402-FX-18R0GLF,,R_0402_1005Metric,18R,smt
159.8,-63.65,90.0,top,R24,CR0402-FX-18R0GLF,,R_0402_1005Metric,18R,smt
159.3,-67.3,0.0,top,R25,CR0402-FX-18R0GLF,,R_0402_1005Metric,18R,smt
157.0,-72.475,90.0,top,R26,CR0402-FX-18R0GLF,,R_0402_1005Metric,18R,smt
142.9,-85.9,0.0,bottom,R3,ERJ-2GE0R00X,,R_0402_1005Metric,0R,smt
142.89,-84.7,0.0,bottom,R4,ERJ-2GE0R00X,,R_0402_1005Metric,0R,smt
161.9,-85.8,-45.0,top,R5,,,R_0402_1005Metric,51R,smt
173.75,-73.65,-45.0,top,R6,RR0510R-49R9-D,,R_0402_1005Metric,49R9,smt
172.1,-82.95,-45.0,top,R7,RR0510R-49R9-D,,R_0402_1005Metric,49R9,smt
147.0,-82.15,0.0,bottom,U1,,,SOT-353_SC-70-5,74AUP1G34,smt
168.0,-78.9,45.0,top,U2,LMX2572RHAT,,RHA0040H,LMX2572RHAT,smt
145.62,-85.12,180.0,top,U3,113991114,,XIAO-ESP32S3P-SMD-2.54-21X17.8MM,XIAO-ESP32S3-PLUS,smt
149.15,-62.4,0.0,top,U4,SN74AUP1G04DCKR ,,SOT-353_SC-70-5,74AUP1G04,smt
150.8,-70.4,0.0,top,U5,,,Oscillator_SMD_SI570_SI571_Standard,Si570,smt
157.0,-67.2508,90.0,top,U6,PL133-27GC-R,,TDFN2013-6LD-PL-1_MCH,PL133-27GC-R,smt
154.299999,-64.1713,90.0,top,U7,PL133-27GC-R,,TDFN2013-6LD-PL-1_MCH,PL133-27GC-R,smt
